-- phpMyAdmin SQL Dump
-- version 5.2.1
-- https://www.phpmyadmin.net/
--
-- Host: 127.0.0.1
-- Generation Time: Jan 08, 2026 at 10:57 PM
-- Server version: 10.4.32-MariaDB
-- PHP Version: 8.2.12

SET SQL_MODE = "NO_AUTO_VALUE_ON_ZERO";
START TRANSACTION;
SET time_zone = "+00:00";


/*!40101 SET @OLD_CHARACTER_SET_CLIENT=@@CHARACTER_SET_CLIENT */;
/*!40101 SET @OLD_CHARACTER_SET_RESULTS=@@CHARACTER_SET_RESULTS */;
/*!40101 SET @OLD_COLLATION_CONNECTION=@@COLLATION_CONNECTION */;
/*!40101 SET NAMES utf8mb4 */;

--
-- Database: `elviora_db`
--

-- --------------------------------------------------------

--
-- Table structure for table `cart_items`
--

CREATE TABLE `cart_items` (
  `id` bigint(20) UNSIGNED NOT NULL,
  `user_id` bigint(20) UNSIGNED NOT NULL,
  `product_id` bigint(20) UNSIGNED NOT NULL,
  `qty` int(11) NOT NULL DEFAULT 1,
  `created_at` timestamp NOT NULL DEFAULT current_timestamp(),
  `updated_at` timestamp NOT NULL DEFAULT current_timestamp() ON UPDATE current_timestamp()
) ENGINE=InnoDB DEFAULT CHARSET=utf8mb4 COLLATE=utf8mb4_general_ci;

-- --------------------------------------------------------

--
-- Table structure for table `categories`
--

CREATE TABLE `categories` (
  `id` int(11) NOT NULL,
  `name` varchar(100) NOT NULL,
  `description` text DEFAULT NULL,
  `created_at` timestamp NOT NULL DEFAULT current_timestamp()
) ENGINE=InnoDB DEFAULT CHARSET=utf8mb4 COLLATE=utf8mb4_unicode_ci;

--
-- Dumping data for table `categories`
--

INSERT INTO `categories` (`id`, `name`, `description`, `created_at`) VALUES
(1, 'gold', 'Gold jewelry', '2026-01-08 15:42:47'),
(2, 'diamond', 'Diamond jewelry', '2026-01-08 15:42:47'),
(3, 'silver', 'Silver jewelry', '2026-01-08 15:42:47');

-- --------------------------------------------------------

--
-- Table structure for table `chatbot_logs`
--

CREATE TABLE `chatbot_logs` (
  `id` bigint(20) UNSIGNED NOT NULL,
  `user_id` bigint(20) UNSIGNED DEFAULT NULL,
  `message` text DEFAULT NULL,
  `response` text DEFAULT NULL,
  `created_at` timestamp NOT NULL DEFAULT current_timestamp()
) ENGINE=InnoDB DEFAULT CHARSET=utf8mb4 COLLATE=utf8mb4_general_ci;

-- --------------------------------------------------------

--
-- Table structure for table `currency_rates`
--

CREATE TABLE `currency_rates` (
  `id` bigint(20) UNSIGNED NOT NULL,
  `base_currency` char(3) NOT NULL DEFAULT 'USD',
  `quote_currency` char(3) NOT NULL DEFAULT 'SYP',
  `rate` decimal(14,4) NOT NULL,
  `source` varchar(60) DEFAULT NULL,
  `created_at` timestamp NOT NULL DEFAULT current_timestamp()
) ENGINE=InnoDB DEFAULT CHARSET=utf8mb4 COLLATE=utf8mb4_general_ci;

--
-- Dumping data for table `currency_rates`
--

INSERT INTO `currency_rates` (`id`, `base_currency`, `quote_currency`, `rate`, `source`, `created_at`) VALUES
(1, 'USD', 'SYP', 12300.0000, 'manual', '2026-01-08 19:06:33');

-- --------------------------------------------------------

--
-- Table structure for table `favorites`
--

CREATE TABLE `favorites` (
  `id` bigint(20) UNSIGNED NOT NULL,
  `user_id` bigint(20) UNSIGNED NOT NULL,
  `product_id` bigint(20) UNSIGNED NOT NULL,
  `created_at` timestamp NOT NULL DEFAULT current_timestamp()
) ENGINE=InnoDB DEFAULT CHARSET=utf8mb4 COLLATE=utf8mb4_general_ci;

-- --------------------------------------------------------

--
-- Table structure for table `newsletter_subscribers`
--

CREATE TABLE `newsletter_subscribers` (
  `id` bigint(20) UNSIGNED NOT NULL,
  `email` varchar(190) NOT NULL,
  `created_at` timestamp NOT NULL DEFAULT current_timestamp()
) ENGINE=InnoDB DEFAULT CHARSET=utf8mb4 COLLATE=utf8mb4_general_ci;

--
-- Dumping data for table `newsletter_subscribers`
--

INSERT INTO `newsletter_subscribers` (`id`, `email`, `created_at`) VALUES
(1, 'massa@gmail.com', '2026-01-08 18:52:26');

-- --------------------------------------------------------

--
-- Table structure for table `orders`
--

CREATE TABLE `orders` (
  `id` int(11) NOT NULL,
  `user_id` int(11) DEFAULT NULL,
  `total_amount` decimal(10,2) NOT NULL,
  `status` enum('pending','confirmed','shipped','delivered','cancelled') DEFAULT 'pending',
  `shipping_address` text DEFAULT NULL,
  `payment_method` varchar(50) DEFAULT NULL,
  `created_at` timestamp NOT NULL DEFAULT current_timestamp()
) ENGINE=InnoDB DEFAULT CHARSET=utf8mb4 COLLATE=utf8mb4_unicode_ci;

-- --------------------------------------------------------

--
-- Table structure for table `order_items`
--

CREATE TABLE `order_items` (
  `id` int(11) NOT NULL,
  `order_id` int(11) NOT NULL,
  `product_id` int(11) NOT NULL,
  `quantity` int(11) NOT NULL DEFAULT 1,
  `price_usd` decimal(10,2) NOT NULL,
  `created_at` timestamp NOT NULL DEFAULT current_timestamp()
) ENGINE=InnoDB DEFAULT CHARSET=utf8mb4 COLLATE=utf8mb4_unicode_ci;

-- --------------------------------------------------------

--
-- Table structure for table `products`
--

CREATE TABLE `products` (
  `id` int(11) NOT NULL,
  `name` varchar(255) NOT NULL,
  `description` text NOT NULL,
  `material` enum('gold','silver','diamond','platinum','other') DEFAULT 'gold',
  `karat` varchar(10) DEFAULT NULL,
  `weight` decimal(8,2) DEFAULT NULL,
  `price_usd` decimal(10,2) NOT NULL,
  `stock` int(11) DEFAULT 0,
  `category_id` int(11) DEFAULT NULL,
  `is_active` tinyint(1) DEFAULT 1,
  `created_at` timestamp NOT NULL DEFAULT current_timestamp()
) ENGINE=InnoDB DEFAULT CHARSET=utf8mb4 COLLATE=utf8mb4_unicode_ci;

--
-- Dumping data for table `products`
--

INSERT INTO `products` (`id`, `name`, `description`, `material`, `karat`, `weight`, `price_usd`, `stock`, `category_id`, `is_active`, `created_at`) VALUES
(1, 'عقد الماس', 'عيار 21، تصميم فاخر وأنيق مناسب للمناسبات الخاصة. يتميز ببريقه العالي وجودة الألماس.', 'diamond', '21', 3.50, 6800.00, 15, 1, 1, '2026-01-08 15:42:47'),
(2, 'خاتم ذهب الكرات الملونة', 'خاتم ذهب الكرات الملونة ( عيار 18 ) لأنكِ تستحقين التميز تفرّدي بإطلالة تنطق بالفن والجمال مع هذا الخاتم الذهبي الفاخر من مجموعة أوليفيرا، بتصميم مستوحى من الزخارف الشرقية الراقية التي تنسج تفاصيلها بدقة وإبداع. تزيّنه كرات ذهبية متعددة الألوان في قلب زخرفة هندسية أنيقة، ليجمع بين عراقة التراث وحداثة الذوق. قطعة تُعبّر عن تميّزك وتُضيف على حضورك لمسة من الفخامة والثقة. اقتنيه الآن وكوني متفرّدة بأسلوبك، لأنكِ تستحقين كل ما هو مبهر. تفاصيل القطعة: نقاوة الذهب: 18 قيراط وزن القطعة: 2.7 مقاس الخاتم 19 ( 9 امريكي ) الإضافة : بالذهب الخالص', 'diamond', '18', 5.20, 450.00, 8, 2, 1, '2026-01-08 15:42:47'),
(3, 'تعليقة ذهب', 'تعليقة ذهب عيار 24 وزن : 5جرام تألقي بما يليق بكِ!', 'gold', '21', 2.80, 6800.00, 20, 3, 1, '2026-01-08 15:42:47'),
(4, 'خاتم أزورا الألماسية', 'أزورا الألماسية – مجوهرات ذهب عيار 18 مع مينا أزرق وألماس اختبري فخامة التفاصيل مع أزورا الألماسية — قطعة تحتفي بالأناقة والتميّز. تتميز بالمينا الأزرق العميق، والألماس اللامع، وصناعة متقنة من الذهب عيار 18، لتناسب المرأة التي تعبّر عن جمالها بطريقتها الخاصة. سواء ارتديتها بمفردها أو ضمن مجموعة أزورا، فهي تترك أثراً لا يُنسى.', 'silver', '925', 15.00, 1400.00, 12, 4, 1, '2026-01-08 15:42:47'),
(5, 'حلق تركي عيار 21', 'حلق تركي عيار 21 قيراط ووزن 4.8 جرام تتألق هذه القطعة الفريدة بالجمال والأناقة و مصنوعة بعناية فائقة استمتعي مع حلق ذهب كويتي الذي يتميز بالرقي والجاذبية . يتميز بتصميم فريد وفريد من نوعه يضفي لمسة خاصة على إطلالتك. صُنع من ذهب عيار 21 قيراط ، مما يضمن جودة عالية ومتانة تدوم طويلاً. يمثل تراثاً ثقافياً عريقاً يمكنك الاحتفاظ به وتمريره إلى الأجيال القادمة. يضفي لمسة من الفخامة والترف على مظهرك، مما يجعلك تشعر بالثقة والأناقة. يعتبر استثماراً جيداً لقيمته العالية وقابليته للزيادة في المستقبل. يمكن ارتداء هذا الحلق في المناسبات الرسمية والحفلات وحتى في الاجتماعات اليومية لإضفاء لمسة من الأناقة. يعتبر حلق ذهب كويتي هدية رائعة لمن تحب، فهو يعكس الاهتمام والذوق الرفيع. يبرز جمال الذهب الطبيعي ويرفع من قيمته وجاذبيته العامة. يمنح لمسة من اللمعان والجاذبية التي تبرز جمال يديك. يتمتع بتصميم مريح يجعل ارتداؤه سهلاً ومريحًا طوال اليوم.', 'gold', '18', 12.50, 798.00, 5, 5, 1, '2026-01-08 15:42:47'),
(6, 'حلق ذهب عيار 21', 'أضيفي لمسة من الفخامة إلى إطلالتك مع هذا الحلق المصنوع من ذهب خالص عيار 21 قيراط، بوزن 2.9 غرام. يتميز بتشطيب متقن يبرز تألق الذهب ونعومته، مما يجعله قطعة مثالية للارتداء اليومي أو المناسبات الخاصة. صُمم ليكون خفيفًا وأنيقًا على الأذن، مع جودة عالية تضمن ثبات اللون ولمعان يدوم.', 'gold', '18', 4.20, 440.00, 10, 1, 1, '2026-01-08 15:42:47'),
(7, 'خاتم الماس قيراط 0.24', 'خاتم الماس الساحر 0.24 قيراط بالإضافة لقطعة صغيرة تحمل إشراقة كبيرة 0.24 قيراط من التألق: حجم مثالي يجمع بين الأناقة والعمليَّة', 'gold', '21', 8.50, 900.00, 18, 2, 1, '2026-01-08 15:42:47'),
(8, 'اسم من ذهب', 'حكاية القطعة: هذه القطعة ستكون الإختيار المناسب لك لتقديم هدية ذو قيمة لاحبائك , تحافظ على تألق المرتدي بها دائما كسلسلة بالأسم، نفتح المجال أمام خيالكِ لاختيار تصميم سلسال ذهب اسمكِ بالشكل الذي يلامس قلبكِ ويحرّك مشاعرك باللغة العربية او الإنجليزية . تفاصيل القطعة: نقاوة الذهب: يمكنك اختيار العيار المناسب لك عن طريق التواصل معنا وزن القطعة: من 3 الى 3.5 جرام تقريباً طول التعليقة : 2.5*3 سم تقريباً طول السلسال : 40 سم تقريباً', 'diamond', '18', 1.50, 475.00, 6, 3, 1, '2026-01-08 15:42:47'),
(9, 'قلادة على شكل زهرة', 'بتصميم مصنوع من الفضة إسترلينية ومرصع بأحجار زركونيا مكعبة براقة، كما تأتي بسلسلة رفيعة ودلاية يمكن ارتداؤها على شكل زهرة البرسيم أو صف من القلوب لتمنحك إطلالتين مختلفتين. • الطول: 16 بوصة ووصلة بطول 2.2 بوصة تفاصيل المنتج:• فضة إسترلينية • أحجار زركونيا مكعبة • قفل بحلقة دائرية للإغلاق • تجنبي ملامسة المنتج للمياه أو أي مواد كيماوية مثل العطور واللوشن والكريم وغيرها • صنع المنتج يدويًا، لذلك قد توجد بعض الاختلافات الطبيعية البسيطة', 'gold', '18', 6.80, 150.00, 14, 4, 1, '2026-01-08 15:42:47'),
(10, 'خاتم ألماس وذهب', 'خاتم عيار 18 قيراط تميز بحزام مرصع بخيوط مرصعة بأحجار الماس اللامعة المستديرة ، ويزيد مستدقه اللطيف من أناقة أي حجر يتوج مركزه.', 'diamond', '18', 3.80, 7500.00, 4, 1, 1, '2026-01-08 15:42:47'),
(11, 'خاتم مرصع بكريستال فضة', 'يضفي هذا الخاتم بتصميم زهرة من كايلو لمسة أنيقة على مجموعة مجوهراتك بفضل تصميمه المصنوع من فضة إسترلينية لامعة عيار 925 والمرصع بالكامل بكريسالات براقة. يتميز ببتلات بتصميم ماركيز مرصعة ببراعة ويأتي بحلقة مفرغة لضمان الشعور بالراحة، ما يجعله إضافة مميزة إلى إطلالتك الأنثوية العصرية. تفاصيل المنتج :• اللون: فضي • فضة إسترلينية عيار 925 • أحجار زركونيا مكعبة بافيه • صناعة يدوية', 'gold', '18', 25.00, 163.00, 7, 2, 1, '2026-01-08 15:42:47'),
(12, 'اسوارة ألماس', 'اسوارة سحبة بثلاث مربعات مزينة بفصوص لألماس عيار 18 قيراط المشغولة لاستقطاب الضوء ونشره الذي يحيط معصمك بكل حب لتنقلك الى مستوى عال من الانسيابية والجمال لتمنحك باختيارها مظهر متألق وحضور متجدد الجاذبية تفاصيل القطعة : وزن القطعة :2.83جرام /وزن الالماس 0.56 قياس القطعة طولها 17سم نوع الفصوص المستخدمة: مزين بالباقيت وفصوص ألماس', 'gold', '21', 4.50, 2380.00, 16, 3, 1, '2026-01-08 15:42:47'),
(13, 'قلادة ذهب', 'عقد ذهب عيار 18 يجمع بين البساطة والفخامة تفاصيل المنتج: أضيفي لمسة من الرقي والنعومة إلى إطلالتك مع هذا العقد الذهبي الأنيق، المصمم بعناية ليجمع بين البساطة والفخامة في آنٍ واحد. ارتديه في مناسباتك الخاصة، أو اجعليه رفيقاً لإطلالتك اليومية، ليمنحك حضوراً راقياً لا يُنسى. تفصيلته الهادئة، وفصّه اللامع، يرويان أناقتك دون الحاجة إلى كلمات. قطعة تُكمّل أنوثتك، وتُعبّر عن ذوقك بكل رقي', 'silver', '925', 12.00, 510.00, 25, 4, 1, '2026-01-08 15:42:47'),
(14, 'قلادة الماس مربع', 'قلادة ألماس مربع ( نوع الألماس SI-وزن الألماس: 0.81 ) عقد مربع مزين بفصوص الألماس على شكل مربع عيار 18 قيراط، مشغول بحرفية عالية وإتقان حتى يلائم جاذبيتك ارتديه في المناسبات الخاصة والأعراس على فستان ذو لون أحمر فاقع مع تسريحة شعر متدلية تسحر الحضور. تفاصيل القطعة: لون الذهب: أبيض. وزن القطعة: 2.79 جرام / وزن الألماس: 0.81 قيراط. نقاوة الذهب: 18 قيراط. قياسات القطعة: طول السلسال 22.5 سم. نوع الفصوص المستخدمة: مزين بفصوص ألماس من نوع SI وهو الألماس ذو الشوائب القليلة ويعتبر الأفضل من حيث النقاوة.', 'gold', '22', 8.20, 3800.00, 9, 1, 1, '2026-01-08 15:42:47'),
(15, 'حلق ذهب كويتي', 'حلق ذهب عيار 21 قيراط : الوزن : 6.9 جرام العيار : 21 قيراط وصف المنتج : حلق ذهب عيار 21 اكتشفي روعة الأناقة مع حلق ذهب كويتي عيار 21 قيراط والذي يتميز بتصميمه الأنيق والفريد و بوزن 6.9 جرام . لماذا حلق ذهب كويتي بوزن 6.9 جرام مثالياً للشراء ؟ يتميز بتصميم فريد يجذب الأنظار ويمنحك إطلالة استثنائية. صنع من ذهب عيار 21 قيراط، مما يضمن جودة عالية ومتانة طويلة الأمد. يتمتع حلق ذهب كويتي بتفصيل دقيق وحرفية عالية في التصنيع، مما يضيف لمسة من الفخامة والرقي. يمكن اعتباره كقطعة فنية فريدة، وهو يعكس التراث والثقافة الكويتية. يعتبر هدية مثالية لمن تحب، فهو يعبر عن الأناقة والجمال. يمكنك تخصيصه بأسلوبك الخاص وإضافة لمسة شخصية له. يتمتع بشهادة أصالة تثبت جودة ونقاء المادة المستخدمة في صنعه. يمكن أن يناسب جميع الأعمار ويكمل إطلالة الشباب والكبار على حد سواء. يعكس جمال وتاريخ الحضارة الكويتية العريقة.', 'gold', '18', 6.50, 615.00, 11, 2, 1, '2026-01-08 15:42:47'),
(16, 'قلادة ألماس', 'عقد ألماس خالِد للنساء – مجوهرات فاخرة ارتقي بأناقتك مع عقد ماسي كلاسيكي يعكس الجمال والبريق. بتصميم متقن يجسد الأناقة الخالدة، يُعدّ هذا العقد إضافة راقية إلى مجموعة مجوهراتك، وتجسيداً للفخامة في أبهى صورها.', 'silver', '925', 3.20, 4580.00, 22, 3, 1, '2026-01-08 15:42:47'),
(17, 'خاتم الزهور المتباعدة', 'خاتم ذهب الزهور المتباعدة ( عيار 18 ) لمسة من النعومة تحمل في طيّاتها فخامة لا تُقاوم… خاتم الزهور المتباعدة صُنعت من الذهب الخالص وزُيّنت بفصوص الزركون اللامعة التي تعكس الضوء برقة وأناقة. تصميم الزهور المتباعدة يمنح القطعة توازنًا ساحرًا بين البساطة والتميّز، ويُضيف على يدك حضورًا راقٍ لا يُغفل تفاصيل القطعة: نقاوة الذهب: 18 قيراط وزن القطعة: 2.6  2.7  2.8 مقاس الخاتم : 12 ( امريكي 6 ) الإضافة : مزين بفصوص الزركون', 'gold', '18', 7.80, 390.00, 13, 4, 1, '2026-01-08 15:42:47'),
(18, 'خاتم ذهب سوليتير', 'خاتم ذهب سوليتير ( عيار 18 ) خاتم ذهب ناعم خاتم سولتير أنيق من الذهب عيار 18 ، بتصميم فاخر يزدان بفصوص الزركون متعددة الألوان . قطعة مميزة ، تناسب كل إطلالة ، وقابلة للتعديل لمزيد من الراحة . تفاصيل القطعة : نقاوة الذهب : 18 قيراط وزن القطعة : 1.9 الإضافة : مزين بفصوص الزركون متعدد الألوان تفاصيل إضافية : مقاس الخاتم 6.9 أمريكي', 'silver', '925', 5.50, 258.00, 30, 1, 1, '2026-01-08 15:42:47'),
(19, 'خاتم ذهب براند', 'خاتم ذهب براند ( عيار 18 ) خاتم ذهب براند بالذهب الخالص ، بتصميم عصري يشبه سوار الساعة الفاخر ليمنحك إحساساً بالفخامة كلما نظرت إليه. قطعة تتحدث عن الذوق الراقي، صنعت لتُلفت وتُخلّد في ذاكرتك ومَن حولك. اقتنيه الآن وتألق بتفرّد لا يشبه سواك. تفاصيل القطعة: نقاوة الذهب: 18 قيراط وزن القطعة: 2.4 مقاس الخاتم : امريكي 7  مقاس الخاتم : امريكي6', 'diamond', '18', 8.90, 320.00, 3, 2, 1, '2026-01-08 15:42:47'),
(20, 'خاتم بفصوص الزركون', 'خاتم ذهب بفصوص الزركون ( عيار 18 ) لها، لمن تسكن قلبك وتضيء أيامك... اختر خاتم الذهب المزَيَّن بفصوص الزركون، قطعة تنبض رقة وجمالًا، كما تنبض هي في حياتك حبًا ودفئًا. قطعة لا تليق إلا بأنثى استثنائية، حضورها لا يُشبه أحد، وبريقها لا يُطفأ.. قدّم لها ما يليق بيدٍ احتوتك، اجعلها تتألّق بثقة، وتتميّز بذوق لا يُجارى... لأنك حين تختار لها الذهب، فأنت تختار أن تقول: \"أنتِ الأجمل، دائماً\". تفاصيل القطعة: نقاوة الذهب: 18 قيراط وزن القطعة: 1.5 مقاس الخاتم: 7.5 امريكي الإضافة : مزين بفصوص الزركون', 'gold', '18', 6.20, 215.00, 8, 5, 1, '2026-01-08 15:42:47'),
(21, 'عقد ألماس', 'عقد ألماس فاخر مع قطعة مركزية وشراشير متدلية من الألماس تألقي بالفخامة مع هذا العقد الرائع المصنوع من ذهب عيار 18 قيراط، ومرصع بقطعة ألماس مركزية تتدلى منها شراشير صغيرة من الألماس لتضفي لمعة وأناقة لا مثيل لها. تصميم متقن يمنح العنق إشراقة متجددة مع كل حركة، مثالي للمناسبات الخاصة والسهرة الفاخرة. التفاصيل: العيار: ذهب 18 قيراط وزن الذهب: 4 غرام وزن الألماس: 0.75 قيراط (قطعة رئيسية + شراشير) التصميم: قطعة مركزية مع شراشير متدلية', 'gold', '21', 5.80, 3450.00, 12, 1, 1, '2026-01-08 15:42:47'),
(22, 'خاتم ذهب على شكل قلب', 'ارتقِ بذوقك إلى قمّة الأناقة مع هذا الخاتم الذهبي الراقي، بتصميم قلب ينبض بالحب ومُرصّع بفصوص الزركون اللامعة التي تعكس سحر الضوء في كل زاوية. قطعة تنطق بالأنوثة والنعومة، وتُجسّد لحظة حب خالدة. اقتنيه الآن وامنحي نفسك أو من تحبين لمسة فخامة لا تُقاوم، لأنّكِ تستحقين التميّز بلا تردّد. تفاصيل القطعة: نقاوة الذهب: 18 قيراط وزن القطعة: 1.9 مقاس الخاتم: 7.5 امريكي الإضافة : مزين بفصوص الزركون', 'diamond', '925', 18.50, 220.00, 15, 2, 1, '2026-01-08 15:42:47'),
(23, 'سبيكة ذهب سويسرية', 'سبيكة ذهب PAMP سويسري وزن 50 جرام عيار 24 قيراط بأعلى درجات النقاء حكاية القطعة: تعتبر سبائك بامب من أفضل السبائك السويسرية الموجودة في السوق، حيث يتم إنتاج السبائك الذهبية الجميلة هذه من قبل مصفاة (PAMP - اختصاراً لـProduits Artistiques Metauz Precieux) في سويسرا، يتميز الجزء الأمامي من السبيكة بصورة محفورة للسيدة فورتونا، في حين يحتوي الجزء الخلفي من السبيكة على الوزن والدقة والعلامة التجارية والرقم التسلسلي. السبيكة مصنوعة من الذهب الصافي بأعلى درجات النقاء 24 قيراط ونسبتها 999.9. اشتريها وادخرها لمستقبلك ومستقبل عائلتك. تفاصيل القطعة: وزن القطعة: 50 جرام. نقاوة الذهب: 24 قيراط.', 'gold', '18', 3.80, 6000.00, 19, 3, 1, '2026-01-08 15:42:47'),
(24, 'طقم ذهب الدمعة', 'طقم ذهب الدمعة عيار21 بوزن 3.2 جرام من الذهب الخالص عيار21 تصميم مستوحى من الرقة والنعومة يعانق انوثتك يجمع بين سلسلة رقيقة و خاتم وحلق متناسقين تفاصيل القطعة : نقاوة الذهب :21 قيراط وزن القطعة: 3.2 جرام طول السلسال : 40 سم مقاس الخاتم : 7 امريكي الإضافة : بالذهب الخالص', 'diamond', '18', 12.50, 720.00, 2, 4, 1, '2026-01-08 15:42:47'),
(25, 'خاتم ذهب الزهرة', 'خاتم الزهرة من ذهب خالص, زهرة من ذهب لا تذبل، تنبض على اناملك بجمال استثنائي ونعومة آسرة, تصميم يُشبهكِ: راقٍ، ناعم، ومليء بالتفرّد... قطعة تتجاوز حدود الأناقة لتصبح بصمتك الخاصة, هذا الخاتم لا يُكمل إطلالتك، بل يصنعها, ومع كل لمعة، يهمس بأنكِ لستِ كأي أنثى… بل زهرة نادرة تستحق ذهبًا خالصًا مثلها, اقتنيه الآن، وتأكدي أن التميّز يبدأ من التفاصيل التي تختارينها. تفاصيل القطعة: وزن القطعة: 2.5 مقاس الخاتم : 16 ( امريكي 7.5 ) الإضافة : ذهب خالص', 'platinum', '950', 6.20, 300.00, 6, 1, 1, '2026-01-08 15:42:47'),
(26, 'خاتم ذهب ثلاثي', 'خاتم ذهب ثلاثي ( عيار 18 ) الأناقة الحقيقية في التفاصيل ثلاثة ألوان… ثلاث لمسات من الفخامة… خاتم ثلاثي من الذهب الخالص مصُمّم ليكون عنوان التفرّد والتميّز. يجمع بين الذهب الأصفر، الأبيض، والروزي في تناغم ناعم يُجسّد جمال الاختلاف، ويُعبر عن ذوقك الرفيع بأسلوب عصري أنيق. تصميمه المتداخل يعطي إحساسًا بالحركة والحرية، وكأن كل حلقة تروي جانبًا من شخصيتك، اختاريه ليكون رفيقك اليومي، أو هدية راقية تعبّر عن حبّك لمن يستحق، لأن الأناقة الحقيقية في التفاصيل المتناغمة تفاصيل القطعة: نقاوة الذهب: 18 قيراط وزن القطعة: 5 جرام مقاس الخاتم : ( امريكي 3.8 )', 'gold', '18', 9.80, 640.00, 10, 2, 1, '2026-01-08 15:42:47'),
(27, 'خاتم ذهب رَونَق', 'خاتم ذهب \"رونق\" – عيار 18 قيراط مزين بفصوص الزركون أضف لمسة من الأناقة والرقي مع خاتم \"رونق\" المصنوع من ذهب عيار 18 قيراط. تصميمه الرقيق مزين بفصوص الزركون اللامعة التي تضفي لمعة ساحرة على إصبعك، مما يجعله مثاليًا للارتداء اليومي والمناسبات الخاصة.', 'gold', '18', 2.50, 245.00, 24, 3, 1, '2026-01-08 15:42:47'),
(28, 'سوار ذهب مفتوح', 'سوار ذهب عيار 21 بتصميم مفتوح قابل للتعديل', 'gold', '21', 8.90, 980.00, 11, 4, 1, '2026-01-08 15:42:47'),
(29, 'خاتم ألماس', 'خاتم قلب ألماسي – ذهب أبيض عيار 18 قيراط أضف لمسة رومانسية وفخامة لإطلالتك مع هذا الخاتم الرائع المصنوع من ذهب أبيض عيار 18 قيراط، مرصع بـ17 قطعة ألماس بإجمالي وزن 0.38 قيراط. تصميم القلب الرقيق يبرز إشراقة الألماس ويجعل كل حركة تلمع بأناقة راقية، مثالي للارتداء اليومي والمناسبات الخاصة. التفاصيل: العيار: ذهب أبيض 18 قيراط وزن الذهب: 1.84 غرام الألماس: 17 قطعة، إجمالي 0.38 قيراط', 'gold', '22', 7.50, 1780.00, 7, 1, 1, '2026-01-08 15:42:47'),
(30, 'خاتم ألماس', 'خاتم ألماس فاخر – عيار 18 قيراط، مرصع بخمس ماسات مستديرة تألقي بإطلالة راقية مع هذا الخاتم المصنوع من ذهب عيار 18 قيراط، المرصع بخمس ماسات مستديرة تتراوح أوزانها بين 0.50 و2.00 قيراط، ليجمع بين البريق والفخامة في تصميم متقن. تصميم الخاتم يعكس الضوء من جميع الزوايا، مما يمنحه إشراقة مستمرة ويجعله قطعة مثالية للارتداء اليومي والمناسبات الخاصة. التفاصيل: العيار: ذهب 18 قيراط وزن الذهب: ~3 غرام الألماس: 5 ماسات مستديرة، 0.50 – 2.00 قيراط', 'gold', '18', 35.00, 8500.00, 3, 5, 1, '2026-01-08 15:42:47'),
(31, 'عقد ذهب بحبات', 'عقد ذهب عيار 21 مكون من حبات ذهبية متدرجة', 'gold', '21', 15.20, 1680.00, 9, 2, 1, '2026-01-08 15:42:47'),
(32, 'خاتم ألماس وذهب', 'خاتم سوليتير ذهب عيار 14 قيراط مرصع بفص ألماس 2 قيراط تألقي بفخامة مع هذا الخاتم الرقيق المصنوع من ذهب عيار 14 قيراط، مزين بفص ألماس دائري مركزية بوزن 2 قيراط يمنحك إشراقة لا مثيل لها. تصميم سوليتير كلاسيكي يبرز بريق الألماس ويجعل كل حركة للأصبع تتألق بفخامة ورقي. التفاصيل: العيار: ذهب 14 قيراط وزن الذهب: ~3.5 غرام الألماس: فص رئيسي دائري 2 قيراط التصميم: سوليتير رقيق', 'silver', '925', 4.80, 8650.00, 18, 3, 1, '2026-01-08 15:42:47'),
(33, 'خاتم ذهب أوراق الشجر', 'خاتم ذهب أوراق الشجر ( عيار 21 ) استلهمي جمالك من تفاصيل الطبيعة مع خاتم أوراق الشجر المصنوع من الذهب الخالص، بتصميم راقٍ يجسد نعومة الأوراق وانسيابها برقة فوق أناملك, كل ورقة تُنسج بعناية لتضيف لمسة من الرقي والانتعاش تفاصيل القطعة: وزن القطعة: 0.67 مقاس الخاتم ( 7.2 امريكي )', 'gold', '18', 6.50, 152.00, 14, 4, 1, '2026-01-08 15:42:47'),
(34, 'خاتم ذهب الثعبان', 'خاتم ذهب الثعبان ( عيار 21 ) ارتدي الفخامة بكل بساطة مع خاتم الثعبان مصنوع من الذهب الخالص بتصميم يجمع بين النعومة والقوة، يلتف حول إصبعك برقة ليعكس شخصيتك الفريدة ويمنحك لمسة أنثوية لا تُنسى. تفاصيله الدقيقة وزخرفته الراقية تجعله أكثر من مجرد قطعة مجوهرات… إنه بيان أناقة، وتوقيع تميّز. سواء كنتِ تبحثين عن قطعة تكملي بها إطلالتك أو هدية تعكس ذوقك الرفيع، هذا الخاتم هو الخيار المثالي. لا تترددي، اقتنيه الآن وتألقي بتصميم يروي قصة جمالك بطريقتك الخاصة. نقاوة الذهب: 21 قيراط وزن القطعة: 0.45 مقاس الخاتم 17 ( 8 امريكي )', 'diamond', '18', 4.20, 159.00, 5, 1, 1, '2026-01-08 15:42:47'),
(35, 'خاتم ذهب الدوائر', 'خاتم ذهب الدوائر ( عيار 21 ) لحضور لافت اجعلي الأناقة تكتمل في كل زاوية مع خاتم الدوائر المصنوع من الذهب الخالص، بتصميم ناعم وانسيابي يعكس التوازن والكمال في أبسط صورة, كل دائرة في هذا التصميم تحاكي جمالك الهادئ وذوقك المتجدد، لتصنعي حضورًا يلفت دون تكلّف، ويعبّر عنك بأسلوب دائري لا ينتهي من الجاذبية, خاتم يتحدّث بلغة الذهب، ويلتفّ حولك بكامل الأناقة تفاصيل القطعة: نقاوة الذهب: 21 قيراط وزن القطعة: 0.7 مقاس الخاتم 17 ( 8 امريكي )', 'silver', '925', 14.00, 170.00, 20, 2, 1, '2026-01-08 15:42:47'),
(36, 'خاتم ذهب مزخرف', 'خاتم ذهب مزخرف ( عيار 18 ) صُنع ليكون لك خاتم ناعم بتصميم فريد، مصنوع من الذهب الخالص ليمنحك لمسة فخامة راقية تليق بذوقك. يأتيك هذا التصميم ليجمع بين البساطة والتفاصيل الملفتة، بتفاصيل زخرفية تضيف له لمسة فنية مميزة. هو أكثر من مجرد ذهب، هو قطعة تعبّر عن أنوثتك بطريقتك الخاصة، وتُكمل إطلالتك بأناقة تنطق دون كلمات. اختاريه ليكون لمسة التميّز في يدك، أو قدّميه كهدية تحمل قيمة ومعنى. لأن الذهب لا يبهت، ولأن ذوقك لا يشبه أحدًا، هذا الخاتم صُنع ليكون لك نقاوة الذهب: 18 قيراط وزن القطعة: 1.6 مقاس الخاتم : مقاس الخاتم : ( امريكي 8 )', 'gold', '18', 5.20, 210.00, 16, 3, 1, '2026-01-08 15:42:47'),
(37, 'خاتم ذهب ملتوي', 'خاتم ذهب ملتوي ( عيار 18 ) خاتم ذهب مزين بفصوص الزركون تصميم يلفت بهدوئه، ويُبهر بتفرّده... خاتم من ذهب خالص، يحتضن فصوص الزركون برقة تُشبه لمعة الحلم على أطراف الأصابع. يجمع بين الخطوط العصرية والأنوثة الناضجة، ليكون أكثر من مجرد قطعة مجوهرات إنه توقيعك الخاص, اختاريه لتتفرّدي، لتكوني أنتِ… كما تحبين أن تكوني, لامعة بذوقك، ناعمة في حضورك، وواثقة في كل تفاصيلك, لأن التميز يبدأ من اللمسة الأولى. نقاوة الذهب: 18 قيراط وزن القطعة: 1.9 مقاس الخاتم : ( امريكي 5.5 )', 'platinum', '950', 18.50, 260.00, 4, 4, 1, '2026-01-08 15:42:47'),
(38, 'خاتم ذهب تألق الزهر', 'خاتم ذهب تألق الزهر ( عيار 18 ) لتروي حكاية أنوثتك خاتم يُشبه تفتح الزهور في صباح ناعم، مرصّع بفصوص الزركون التي تهمس ببريقها، ومصاغ من الذهب ليحتضن أناقتك برقيّ لا يُشبه سواكِ. لتكوني دائمًا الأجمل. تفاصيل القطعة : وزن القطعة: 2.9 مقاس الخاتم : ( امريكي 6.5 ) الإضافة : مزين بفصوص الزركون', 'gold', '18', 4.80, 398.00, 13, 1, 1, '2026-01-08 15:42:47'),
(39, 'خاتم ذهب الزهور المتقاربة', 'خاتم ذهب الزهور المتقاربة ( عيار 18 ) لتروي حكاية أنوثتك خاتم تتناغم فيها الزهور المتقاربة كأنها سرّ من أسرار الجمال، مرصّعة بفصوص الزركون المتلألئة لتزيدك بهاءً. صُممت لتروي حكاية أنوثة ناعمة لا تُنسى. تفاصيل القطعة: نقاوة الذهب: 18 قيراط وزن القطعة: 2.8 مقاس الخاتم : ( امريكي 6.7 )', 'diamond', '18', 7.50, 361.00, 6, 2, 1, '2026-01-08 15:42:47'),
(40, 'طقم ذهب', 'طقم ذهب بيضاوي مخطط وزن 3.6 جرام نقاوة لذهب 21 قيراط مقاس الطقم :طول السلسة 40سم /حجم الحلق 0.8سم/مقاس الخاتم 18', 'silver', '925', 22.00, 759.00, 12, 5, 1, '2026-01-08 15:42:47'),
(41, 'خاتم ذهب بتوقيع', 'خاتم ذهب عيار 21 قابل للنقش بالتوقيع', 'gold', '21', 6.20, 680.00, 15, 1, 1, '2026-01-08 15:42:47'),
(42, 'طقم ذهب الزهرتين', 'طقم ذهب الزهرتين عيار 21 وزن 6.7 جرام من الذهب الخالص عيار 21 تصميم مستوحى من الزهور المتفتحة تروي قصة الرقة والجمال , يجمع بين سلسلة أنيقة وخاتم وحلق متناغيمين . مقاس الطقم : طول السلسلة 40سم/حجم الحلق 1.8سم /مقاس الخاتم 14 (6.7امريكي)', 'gold', '18', 12.80, 3520.00, 8, 2, 1, '2026-01-08 15:42:47'),
(43, 'طقم ذهب الدائرة', 'طقم ذهب الزهرة , قطعة ذهبية بوزن 5,1 جرام من ذهب الخالص عيار 21تصميم مستوحى من الانسيابية والكمال الدائري ليمنحك حضوراً مميزاً يجمع بين سلسلة أنيقة وخاتم وحلق متناغمين , قابل للتعدبل لتتألقي بإطلالة ساحرة وفاخرة وزن القطعة : 5.1 جرام طول السلسلة 40 سم/حجم الحلق 2.5 سم /مقاس الخاتم 17 (8امريكي)', 'diamond', '18', 2.20, 3000.00, 10, 3, 1, '2026-01-08 15:42:47'),
(44, 'تعليقة ذهب حرف A', 'تعليقة ذهب حرف A مزينة بفصوص الزركون (عيار 18) الجمال في حرف حكاية القطعة: نقدم لك تعليقة حرف A بدون سلسلة بفصوص الزركون على حرفك وحرف من تحبين، تصميمه الجذاب يليق بنمط حياتك اليومية و بتفاصيله الدقيقة اللامعة يمكنك إهدائها لمن تحبين تفاصيل القطعة: لون الذهب: ذهبي. اوزن القطعة: 1.5 جرام.1.3 جرام نقاوة الذهب: 18 قيراط. قياسات القطعة: حجم التعليقة 2 سم . مناسبة للسيدات والفتيات.', 'gold', '18', 5.80, 270.00, 17, 4, 1, '2026-01-08 15:42:47'),
(45, 'ساعة فضة', 'ساعة فضة عيار 925 بتصميم أنيق مرصعة بفصوص الزركون اللامعة وتأتي مختومة بختم الفضة مع مقاس احصلي عليها الآن واستمتعي بتألق لا يُضاهى. مصنوعة من فضة عيار 925 تضمن لكِ جودة عالية ودائمة ومختومة بختم الفضة للتأكيد على الأصالة. مرصعة بفصوص الزركون اللامعة وتضيف لمسة من اللمعان والجاذبية ما يجعلها تبرز في أي مناسبة. مقاس صغير وناعم قطر الساعة 3 سم يجعلها مثالية للارتداء اليومي أو في المناسبات الخاصة. تأتي بمقاس 18.5 سم ويمكن تعديلها بسهولة لتناسب معصمكِ بكل راحة. ساعة فضة عيار 925 تصميمها يضمن لكِ إطلالة رائعة دون التضحية بالراحة أثناء الارتداء.', 'silver', '925', 8.50, 90.00, 25, 1, 1, '2026-01-08 15:42:47'),
(46, 'عقد لؤلؤ ملون', 'عقد لؤلؤ طبيعي متعدد الألوان بقفل ذهبي', 'gold', '18', 28.00, 1600.00, 5, 2, 1, '2026-01-08 15:42:47'),
(47, 'تعليقة ذهب حرف M', 'تعليقة ذهب حرف M مزينة بفصوص الزركون (عيار 18) الجمال في حرف حكاية القطعة: نقدم لك تعليقة حرف M بدون سلسلة بفصوص الزركون على حرفك وحرف من تحبين، تصميمه الجذاب يليق بنمط حياتك اليومية و بتفاصيله الدقيقة اللامعة يمكنك إهدائها لمن تحبين تفاصيل القطعة: لون الذهب: ذهبي. اوزن القطعة: 1.5 جرام.1.3 جرام نقاوة الذهب: 18 قيراط. قياسات القطعة: حجم التعليقة 2 سم . مناسبة للسيدات والفتيات.', 'gold', '18', 1.80, 171.00, 30, 3, 1, '2026-01-08 15:42:47'),
(48, 'تعليقة ذهب خرفR', 'تعليقة ذهب حرف R مزينة بفصوص الزركون (عيار 18) الجمال في حرف حكاية القطعة: نقدم لك تعليقة حرف R بدون سلسلة بفصوص الزركون على حرفك وحرف من تحبين، تصميمه الجذاب يليق بنمط حياتك اليومية و بتفاصيله الدقيقة اللامعة يمكنك إهدائها لمن تحبين تفاصيل القطعة: لون الذهب: ذهبي. اوزن القطعة: 1.5 جرام.1.3 جرام نقاوة الذهب: 18 قيراط. قياسات القطعة: حجم التعليقة 2 سم . مناسبة للسيدات والفتيات.', 'silver', '925', 16.50, 170.00, 22, 4, 1, '2026-01-08 15:42:47'),
(49, 'تعليقة ذهب حرف B', 'تعليقة ذهب حرف B مزينة بفصوص الزركون عيار 18 قيراط تصميم أنيق ومميز', 'gold', '18', 5.50, 150.00, 11, 1, 1, '2026-01-08 15:42:47'),
(50, 'تعليقة ذهب حرف سين', 'تعليقة ذهب حرف \"س\" مزينة بفصوص الزركون (عيار 18) الجمال في حرف حكاية القطعة: نقدم لك تعليقة حرف \"س\" بدون سلسلة بفصوص الزركون على حرفك وحرف من تحبين، تصميمه الجذاب يليق بنمط حياتك اليومية و بتفاصيله الدقيقة اللامعة يمكنك إهدائها لمن تحبين تفاصيل القطعة: لون الذهب: ذهبي. اوزن القطعة: 1.5 جرام.1.3 جرام نقاوة الذهب: 18 قيراط. قياسات القطعة: حجم التعليقة 2 سم . مناسبة للسيدات والفتيات.', 'diamond', '18', 15.80, 180.00, 2, 5, 1, '2026-01-08 15:42:47'),
(51, 'تعليقة ذهب حرف الفاء', 'تعليقة ذهب حرف \"ف\" مزينة بفصوص الزركون (عيار 18) الجمال في حرف حكاية القطعة: نقدم لك تعليقة حرف \"ف\" بدون سلسلة بفصوص الزركون على حرفك وحرف من تحبين، تصميمه الجذاب يليق بنمط حياتك اليومية و بتفاصيله الدقيقة اللامعة يمكنك إهدائها لمن تحبين تفاصيل القطعة: لون الذهب: ذهبي. اوزن القطعة: 1.5 جرام.1.3 جرام نقاوة الذهب: 18 قيراط. قياسات القطعة: حجم التعليقة 2 سم . مناسبة للسيدات والفتيات.', 'gold', '18', 8.20, 170.00, 7, 2, 1, '2026-01-08 15:42:47'),
(52, 'تعليقة ذهب حرف اللام', 'تعليقة ذهب حرف \"ل\" مزينة بفصوص الزركون (عيار 18) الجمال في حرف حكاية القطعة: نقدم لك تعليقة حرف \"ل\" بدون سلسلة بفصوص الزركون على حرفك وحرف من تحبين، تصميمه الجذاب يليق بنمط حياتك اليومية و بتفاصيله الدقيقة اللامعة يمكنك إهدائها لمن تحبين تفاصيل القطعة: لون الذهب: ذهبي. اوزن القطعة: 1.5 جرام.1.3 جرام نقاوة الذهب: 18 قيراط. قياسات القطعة: حجم التعليقة 2 سم . مناسبة للسيدات والفتيات.', 'silver', '925', 6.50, 170.00, 20, 3, 1, '2026-01-08 15:42:47'),
(53, 'سوار ذهب بحبات', 'سوار ذهب عيار 21 مكون من حبات ذهبية', 'gold', '21', 9.80, 1080.00, 9, 4, 1, '2026-01-08 15:42:47'),
(54, 'حلق ذهب الورود', 'حلق الورود – ذهب عيار 21 قيراط تألقي بأناقة أنثوية مع حلق الورود المصنوع من ذهب عيار 21 قيراط، الذي يجسد جمال الزهور في تصميم فاخر ومتقن. تصميمه الرقيق والمفعم بالتفاصيل يجعل منه قطعة مثالية للارتداء اليومي والمناسبات الخاصة، مضيفًا لمسة من الفخامة والرقي. التفاصيل: العيار: 21 قيراط الوزن: 6.7 جرام', 'platinum', '950', 5.20, 610.00, 8, 1, 1, '2026-01-08 15:42:47'),
(55, 'حلق ذهب تركي', 'حلق تركي – ذهب عيار 21 قيراط أضف لمسة من الفخامة والتميز مع هذا الحلق التركي المصنوع من ذهب عيار 21 قيراط، بتصميم أنيق يعكس الطابع التركي التقليدي والراقي. تصميمه المتقن يجعل منه قطعة مثالية للارتداء اليومي والمناسبات الخاصة، مع لمسة من الأصالة والفخامة. التفاصيل: العيار: 21 قيراط الوزن: 6.1 جرام التصميم: تركي فاخر', 'silver', '925', 20.00, 711.00, 14, 2, 1, '2026-01-08 15:42:47'),
(56, 'حلق ذهب على شكل دائري', 'حلق على شكل دائري عيار 18 قيراط الذي يزينكِ بكل حب لتنقلك الى مستوى عال من الانسيابية والجمال لتمنحك باختيارها مظهر متألق وحضور متجدد الجاذبية تفاصيل القطعة : وزن القطعة :9.15جرام', 'gold', '18', 4.20, 1126.00, 12, 3, 1, '2026-01-08 15:42:47'),
(57, 'حلق ذهب طويل', 'حلق طويل ومميز – ذهب عيار 18 قيراط أضف لمسة من الأناقة والفخامة مع هذا الحلق الطويل المصنوع من ذهب عيار 18 قيراط. تصميمه المميز يمنحك مظهرًا متألقًا وحضورًا متجدد الجاذبية، ليكون قطعة مثالية للارتداء اليومي والمناسبات الخاصة. التفاصيل: العيار: 18 قيراط الوزن: 4 جرام', 'diamond', '18', 8.50, 510.00, 4, 4, 1, '2026-01-08 15:42:47'),
(58, 'حلق ذهب كويتي فريد', 'حلق ذهب كويتي – عيار 21 قيراط احصلي على أفضل جودة وأناقة مع هذا الحلق الكويتي الفاخر المصنوع من ذهب عيار 21 قيراط بوزن 7.2 جرام. تصميمه الرائع ولمعانه الجميل يمنحك إطلالة أنثوية متألقة، ويبرز الذوق الرفيع في كل مناسبة. التفاصيل: العيار: 21 قيراط الوزن: 7.2 جرام', 'gold', '22', 7.80, 600.00, 6, 1, 1, '2026-01-08 15:42:47'),
(59, 'حلق هندي', 'حلق هندي – ذهب عيار 21 قيراط احصلي على قطعة مجوهرات فريدة تجمع بين الأناقة، الحرفية المتقنة، والتراث الهندي مع هذا الحلق المصنوع من ذهب عيار 21 قيراط بوزن 12.1 جرام. تصميمه الأنيق يضمن الراحة والمتانة، ويضيف لمسة ثقافية غنية إلى إطلالتك، لتكوني متألقة في كل مناسبة. التفاصيل: العيار: 21 قيراط الوزن: 12.1 جرام', 'gold', '18', 11.50, 915.00, 10, 2, 1, '2026-01-08 15:42:47'),
(60, 'حلق ألماس قطع الأميرة', 'أقراط ماس بقطع الأميرة – ذهب 18 قيراط أضيفي لمسة من الفخامة والرقي مع هذه الأقراط الماسية المصممة بعناية، والمصنوعة من ذهب أبيض عيار 18 قيراط مع لمسات من الذهب الأصفر والوردي. الماس بقطع الأميرة بوزن 0.5 قيراط يضيف لمعانًا أنيقًا دون أن يثقل الأذنين، والمسمار الخلفي على شكل زهرة يجمع بين الأمان والجمال. مثالية لمن تبحث عن البساطة المتألقة والفخامة اليومية. التفاصيل: العيار: 18 قيراط وزن الذهب التقريبي: 4 جرام وزن الماس: 0.5 قيراط', 'silver', '925', 25.00, 1210.00, 8, 5, 1, '2026-01-08 15:42:47'),
(61, 'حلق مرصع بألماس', 'حلق ذهب أبيض – عيار 18 قيراط مرصع بالألماس الطبيعي تألقي بإطلالة راقية مع هذا الحلق المصنوع من ذهب أبيض عيار 18 قيراط، المرصع بألماس طبيعي بوزن 0.92 قيراط. تصميمه الأنيق يجمع بين الفخامة والتألق، ليكون قطعة مثالية للارتداء في المناسبات الخاصة أو لإضافة لمسة مميزة لإطلالتك اليومية. التفاصيل: العيار: 18 قيراط وزن الذهب التقريبي: 3 جرام وزن الألماس: 0.92 قيراط', 'gold', '21', 9.20, 2300.00, 15, 1, 1, '2026-01-08 15:42:47'),
(62, 'عقد لؤلؤ كلاسيكي', 'عقد لؤلؤ طبيعي كلاسيكي بحبات متدرجة', 'gold', '18', 32.00, 1800.00, 6, 2, 1, '2026-01-08 15:42:47'),
(63, 'أقراط بلاتين راقية', 'أقراط بلاتين مرصعة بالألماس الطبيعي', 'platinum', '950', 3.80, 2500.00, 5, 3, 1, '2026-01-08 15:42:47'),
(64, 'قلادة ألماس مميزة', 'سلسال ذهب مع قلادة ماسية – عيار 18 قيراط أضف لمسة من الفخامة والأنوثة مع هذا السلسال المصنوع من ذهب عيار 18 قيراط، مع قلادة ماسية تتألق باللمعان والرقي. تصميمه الأنيق يجعل القطعة مثالية للارتداء اليومي والمناسبات الخاصة، ويضفي لمسة من التألق المميز لإطلالتك. التفاصيل: العيار: 18 قيراط وزن الذهب التقريبي: 4 جرام وزن الماس: 0.4 قيراط (تقريباً)', 'gold', '18', 3.50, 1070.00, 20, 4, 1, '2026-01-08 15:42:47'),
(65, 'قلادة ألماس دائري', 'عقد ألماس بحلقة دائرية ( نوع الألماس SI - وزن الألماس 0.71 cts ) جمال يغني حضورك اعقدي الجمال الأخاذ والساحر الذي يليق بكِ وبعنقكِ الرفيع الناعم بعقد من عيار 18 قيراط مزين بفصوص ألماس والباقيت على شكل حلقة دائرية كبيرة تشبه القمر عند اكتماله في الليالي الصيفية بجوها الرومنسي ونسماته الهادئة. تفاصيل القطعة: لون الذهب: أبيض. وزن القطعة: 4.14 جرام / وزن الألماس: 0.71 قيراط. قياسات القطعة: طول السلسال 22 سم. نوع الفصوص المستخدمة: مزين بالباقيت بفصوص ألماس من نوع SI وهو الألماس ذو الشوائب القليلة ويعتبر الأفضل من حيث النقاوة.', 'gold', '22', 45.00, 1787.00, 1, 5, 1, '2026-01-08 15:42:47'),
(66, 'اسوارة خاصة للأطفال', 'اسوارة أطفال – ذهب عيار 21 قيراط احصلي على تصميم أنيق ومميز للأطفال مع هذه الاسوارة المصنوعة من ذهب عيار 21 قيراط، وزن 3.3 جرام، مكتوب عليها عبارة \"ما شاء الله\" بالذهب، مع غلاف أزرق وسلسال ذهب أنيق. تصميمها المميز يضمن الراحة والمتانة للطفل ويضفي لمسة من الجمال والفخامة الرمزية. التفاصيل: العيار: 21 قيراط الوزن: 3.3 جرام الكتابة: ذهب', 'gold', NULL, NULL, 250.00, 0, NULL, 1, '2026-01-08 15:48:44'),
(67, 'اسوارة السمبلة من الذهب', 'اسوارة السمبلة – ذهب عيار 21 قيراط أضيفي لمسة من الجمال والانسيابية إلى معصمك مع هذه الاسوارة الفاخرة المصنوعة من ذهب عيار 21 قيراط. تصميمها الرائع يعكس الضوء من كل زاوية، مما يمنحك مظهرًا متألقًا وحضورًا متجدد الجاذبية. التفاصيل: العيار: 21 قيراط الوزن المفترض: 3 جرام', 'gold', NULL, NULL, 227.00, 0, NULL, 1, '2026-01-08 15:48:44'),
(68, 'اسوارة ذهب نقشة الفيل', 'اسوارة هندية – ذهب عيار 21 قيراط أضف لمسة من الرونق والبهاء إلى معصمك مع هذه الاسوارة الهندية المزخرفة على شكل فيل، المصنوعة من ذهب عيار 21 قيراط بوزن 30.3 جرام. تصميمها الفاخر يجعلها مثالية للارتداء اليومي والمناسبات الخاصة، وتضفي لمسة فريدة من الأناقة والثقافة الهندية على إطلالتك. التفاصيل: العيار: 21 قيراط الوزن: 30.3 جرام مقاس الاسوارة: 17', 'gold', NULL, NULL, 2291.00, 0, NULL, 1, '2026-01-08 15:48:44'),
(69, 'اسوارة ذهب جنزير', 'اسوارة ذهب عيار 18 قيراط – تصميم جنزير بسيط اكتشفي جمال البساطة والأناقة اليومية مع هذه الاسوارة الذهبية المصنوعة من ذهب عيار 18 قيراط، تصميم جنزير خالٍ من الفصوص وطول 18 سم. مناسبة للارتداء اليومي أو لإضافة لمسة راقية إلى أي إطلالة. التفاصيل: العيار: 18 قيراط الوزن التقريبي: 3 جرام الطول: 18 سم', 'gold', NULL, NULL, 369.00, 0, NULL, 1, '2026-01-08 15:48:44'),
(70, 'اسوارة ذهب من القلوب', 'اسوارة التراث العماري – قلوب الحب، ذهب عيار 21 قيراط تألقي مع هذه الاسوارة التراثية الفاخرة المصنوعة من ذهب عيار 21 قيراط، وزن 22.2 جرام، والمزخرفة بنقشات صغيرة تضفي لمسة من الأنوثة والرومانسية على مظهرك. تصميمها الراقي والفريد يجعلها قطعة مميزة تبرز شخصيتك وتفردك بين النساء. التفاصيل: العيار: 21 قيراط الوزن: 22.2 جرام قياسات الاسوارة: 17–20 سم / السماكة 2 سم', 'gold', NULL, NULL, 1678.00, 0, NULL, 1, '2026-01-08 15:48:44');
UPDATE `products` SET `category_id` = CASE
  WHEN `name` LIKE '%ذهب%' THEN 1
  WHEN `name` LIKE '%الماس%' OR `name` LIKE '%ألماس%' THEN 2
  WHEN `name` LIKE '%فصة%' THEN 3
  ELSE 1
END;

-- --------------------------------------------------------

--
-- Table structure for table `product_images`
--

CREATE TABLE `product_images` (
  `id` int(11) NOT NULL,
  `product_id` int(11) NOT NULL,
  `image_path` varchar(500) NOT NULL,
  `sort_order` int(11) DEFAULT 0,
  `created_at` timestamp NOT NULL DEFAULT current_timestamp()
) ENGINE=InnoDB DEFAULT CHARSET=utf8mb4 COLLATE=utf8mb4_unicode_ci;

--
-- Dumping data for table `product_images`
--

INSERT INTO `product_images` (`id`, `product_id`, `image_path`, `sort_order`, `created_at`) VALUES
(28, 28, 'images/bracelet-gold-open.jpg', 1, '2026-01-08 15:42:47'),
(31, 31, 'images/necklace-gold-beads.jpg', 1, '2026-01-08 15:42:47'),
(41, 41, 'images/ring-gold-signature.jpg', 1, '2026-01-08 15:42:47'),
(53, 53, 'images/bracelet-gold-beads.jpg', 1, '2026-01-08 15:42:47'),
(62, 62, 'images/necklace-pearl-classic-graduated.jpg', 1, '2026-01-08 15:42:47'),
(63, 63, 'images/earrings-platinum-luxury.jpg', 1, '2026-01-08 15:42:47'),
(79, 14, 'images/عقد الماس مربع.webp', 1, '2026-01-08 15:48:44'),
(81, 16, 'images/عقد ألماس قيراط 0.99.webp', 1, '2026-01-08 15:48:44'),
(86, 21, 'images/عقد الماس4.webp', 1, '2026-01-08 15:48:44'),
(138, 30, 'images/خاتم ألماس قياس 55.webp', 0, '2026-01-08 17:36:00'),
(139, 32, 'images/خاتم ألماس قيراط 0.17.webp', 0, '2026-01-08 17:36:00'),
(153, 1, 'images/عقد الماس2.webp', 0, '2026-01-08 20:13:17'),
(154, 2, 'images/خاتم ذهب الكرات الملونة(2).jpg', 0, '2026-01-08 20:13:17'),
(155, 3, 'images/تعليقة غيار 24(2).webp', 0, '2026-01-08 20:13:17'),
(156, 4, 'images/خاتم أزورا الألماسية.webp', 0, '2026-01-08 20:13:17'),
(157, 5, 'images/حلق تركي عيار 21_2.webp', 0, '2026-01-08 20:13:17'),
(158, 6, 'images/حلق عيار21_2.webp', 0, '2026-01-08 20:13:17'),
(159, 7, 'images/خاتم ألماس قيراط 0.03.webp', 0, '2026-01-08 20:13:17'),
(160, 8, 'images/تصميم اسم من الذهب الخالص انفنتي.webp', 0, '2026-01-08 20:13:17'),
(161, 9, 'images/قلادة كارا بدلاية على شكل زهرة البرسيم من القلوب فضة إسترلينية.webp', 0, '2026-01-08 20:13:17'),
(162, 10, 'images/خاتم ألماس قيراط 0.17.webp', 0, '2026-01-08 20:13:17'),
(163, 11, 'images/خاتم بتصميم زهرة مرصع بكريستال فضة إسترلينية عيار 925.......3.webp', 0, '2026-01-08 20:13:17'),
(164, 12, 'images/اسوارة ألماس.webp', 0, '2026-01-08 20:13:17'),
(165, 13, 'images/قلادة ذهب عيار 18 (2).webp', 0, '2026-01-08 20:13:17'),
(166, 15, 'images/_2-حلق كويتي عيار 21.webp', 0, '2026-01-08 20:13:17'),
(167, 17, 'images/دبلة ذهب الزهور خاتم المتباعدة.webp', 0, '2026-01-08 20:13:17'),
(168, 18, 'images/خاتم ذهب سوليتير.jpg', 0, '2026-01-08 20:13:17'),
(169, 19, 'images/خاتم ذهب براند.png', 0, '2026-01-08 20:13:17'),
(170, 20, 'images/خاتم ذهب بفصوص الزركون.webp', 0, '2026-01-08 20:13:17'),
(171, 22, 'images/خاتم ذهب قلب.webp', 0, '2026-01-08 20:13:17'),
(172, 23, 'images/سبيكة ذهب )2( PAMP سويسري وزن 50 جرام عيار 24 قيراط.webp', 0, '2026-01-08 20:13:17'),
(173, 24, 'images/طقم الذهب الدمعة 1.jpg', 0, '2026-01-08 20:13:17'),
(174, 25, 'images/خاتم ذهب الزهرة.webp', 0, '2026-01-08 20:13:17'),
(175, 26, 'images/خاتم ذهب ثلاثي.webp', 0, '2026-01-08 20:13:17'),
(176, 27, 'images/خاتم ذهب رَونَق.webp', 0, '2026-01-08 20:13:17'),
(177, 29, 'images/خاتم الماس6.jpg', 0, '2026-01-08 20:13:17'),
(178, 33, 'images/خاتم ذهب أوراق الشجر.webp', 0, '2026-01-08 20:13:17'),
(179, 34, 'images/خاتم ذهب الثعبان.webp', 0, '2026-01-08 20:13:17'),
(180, 35, 'images/خاتم ذهب الدوائر.webp', 0, '2026-01-08 20:13:17'),
(181, 36, 'images/خاتم ذهب مزخرف.png', 0, '2026-01-08 20:13:17'),
(182, 37, 'images/خاتم ذهب ملتوي.png', 0, '2026-01-08 20:13:17'),
(183, 38, 'images/خاتم ذهب تألق الزهر.png', 0, '2026-01-08 20:13:17'),
(184, 39, 'images/دبلة ذهب الزهور المتقاربة.webp', 0, '2026-01-08 20:13:17'),
(185, 40, 'images/طقم ذهب بيضاوي مخطط 1.jpg', 0, '2026-01-08 20:13:17'),
(186, 42, 'images/طقم ذهب الزهرتين عيار21.webp', 0, '2026-01-08 20:13:17'),
(187, 43, 'images/طقم ذهب الدائرة 1.jpg', 0, '2026-01-08 20:13:17'),
(188, 44, 'images/تعليقة ذهب حرف A.webp', 0, '2026-01-08 20:13:17'),
(189, 45, 'images/ساعة - فضي ابيض1.jpg', 0, '2026-01-08 20:13:17'),
(190, 46, 'images/بروش اطفال ذهب ملون عيار 18 وزن 1 جرام.jpg', 0, '2026-01-08 20:13:17'),
(191, 47, 'images/تعليقة ذهب حرف M مزينة بفصوص الزركون.webp', 0, '2026-01-08 20:13:17'),
(192, 48, 'images/تعليقة ذهب حرف R مزينة بفصوص الزركون.webp', 0, '2026-01-08 20:13:17'),
(193, 49, 'images/عليقة ذهب حرف B مزينة بفصوص الزركون.webp', 0, '2026-01-08 20:13:17'),
(194, 50, 'images/عليقة ذهب حرف السين مزينة بفصوص الزركون.webp', 0, '2026-01-08 20:13:17'),
(195, 51, 'images/تعليقة ذهب حرف الفاء مزينة بفصوص الزركون.webp', 0, '2026-01-08 20:13:17'),
(196, 52, 'images/تعليقة ذهب حرف اللام مزينة بفصوص الزركون.webp', 0, '2026-01-08 20:13:17'),
(197, 54, 'images/حلق الورود عيار 21.webp', 0, '2026-01-08 20:13:17'),
(198, 55, 'images/حلق تركي عيار21.webp', 0, '2026-01-08 20:13:17'),
(199, 56, 'images/حلق عيار 21 _2.webp', 0, '2026-01-08 20:13:17'),
(200, 57, 'images/حلق عيار21.webp', 0, '2026-01-08 20:13:17'),
(201, 58, 'images/حلق كويتي عيار 21.webp', 0, '2026-01-08 20:13:17'),
(202, 59, 'images/حلق هندي عيار21.webp', 0, '2026-01-08 20:13:17'),
(203, 60, 'images/3ذهب ابيض أقراط الماس قطع الأميرة.jpg', 0, '2026-01-08 20:13:17'),
(204, 61, 'images/حلق ذهب أبيض عيار 18 مرصع بالألماس الطبيعي.jpg', 0, '2026-01-08 20:13:17'),
(205, 64, 'images/سلسال عيار18.webp (2).webp', 0, '2026-01-08 20:13:17'),
(206, 65, 'images/عقد الماس دائري.webp', 0, '2026-01-08 20:13:17'),
(207, 66, 'images/سوار أطفال.jpg', 0, '2026-01-08 20:13:17'),
(208, 67, 'images/اسوارة السمبلة _2 (1).webp', 0, '2026-01-08 20:13:17'),
(209, 68, 'images/اسوارة ذهب نفشة الفيل الهندي.webp', 0, '2026-01-08 20:13:17'),
(210, 69, 'images/اسوارة ذهب جنزير.webp', 0, '2026-01-08 20:13:17'),
(211, 70, 'images/اسوارةذهب التراث العماري من قلوب.webp', 0, '2026-01-08 20:13:17');

-- --------------------------------------------------------

--
-- Table structure for table `product_reviews`
--

CREATE TABLE `product_reviews` (
  `id` bigint(20) UNSIGNED NOT NULL,
  `product_id` bigint(20) UNSIGNED NOT NULL,
  `user_id` bigint(20) UNSIGNED NOT NULL,
  `rating` tinyint(4) NOT NULL,
  `review_text` text DEFAULT NULL,
  `is_approved` tinyint(1) NOT NULL DEFAULT 1,
  `created_at` timestamp NOT NULL DEFAULT current_timestamp(),
  `updated_at` timestamp NOT NULL DEFAULT current_timestamp() ON UPDATE current_timestamp()
) ENGINE=InnoDB DEFAULT CHARSET=utf8mb4 COLLATE=utf8mb4_general_ci;

--
-- Dumping data for table `product_reviews`
--

INSERT INTO `product_reviews` (`id`, `product_id`, `user_id`, `rating`, `review_text`, `is_approved`, `created_at`, `updated_at`) VALUES
(1, 1, 4, 5, 'تصميم جميل وخامة رائعة.', 1, '2026-01-08 15:42:47', '2026-01-08 19:35:55'),
(2, 1, 1, 4, 'تصميم جميل وخامة رائعة.', 1, '2026-01-08 15:42:47', '2026-01-08 19:35:55'),
(3, 2, 5, 5, 'خيار راقٍ ومناسب للهدايا.', 1, '2026-01-08 15:42:47', '2026-01-08 19:35:55'),
(4, 3, 6, 5, 'جودة ممتازة وسعر مناسب.', 1, '2026-01-08 15:42:47', '2026-01-08 19:35:55'),
(5, 4, 2, 4, 'منتج أنيق وجودته ممتازة.', 1, '2026-01-08 15:42:47', '2026-01-08 19:35:55'),
(6, 5, 7, 5, 'تصميم جميل وخامة رائعة.', 1, '2026-01-08 15:42:47', '2026-01-08 19:35:55'),
(7, 10, 8, 5, 'خيار راقٍ ومناسب للهدايا.', 1, '2026-01-08 15:42:47', '2026-01-08 19:35:55'),
(8, 19, 1, 5, 'جودة ممتازة وسعر مناسب.', 1, '2026-01-08 15:42:47', '2026-01-08 19:35:55'),
(9, 25, 3, 4, 'تصميم جميل وخامة رائعة.', 1, '2026-01-08 15:42:47', '2026-01-08 19:35:55'),
(10, 30, 2, 5, 'خيار راقٍ ومناسب للهدايا.', 1, '2026-01-08 15:42:47', '2026-01-08 19:35:55'),
(16, 6, 7, 4, 'خيار راقٍ ومناسب للهدايا.', 1, '2026-01-08 19:26:53', '2026-01-08 19:35:55'),
(17, 7, 8, 5, 'جودة ممتازة وسعر مناسب.', 1, '2026-01-08 19:26:53', '2026-01-08 19:35:55'),
(18, 8, 1, 4, 'منتج أنيق وجودته ممتازة.', 1, '2026-01-08 19:26:53', '2026-01-08 19:35:55'),
(19, 9, 2, 5, 'تصميم جميل وخامة رائعة.', 1, '2026-01-08 19:26:53', '2026-01-08 19:35:55'),
(20, 11, 4, 5, 'جودة ممتازة وسعر مناسب.', 1, '2026-01-08 19:26:53', '2026-01-08 19:35:55'),
(21, 12, 5, 4, 'منتج أنيق وجودته ممتازة.', 1, '2026-01-08 19:26:53', '2026-01-08 19:35:55'),
(22, 13, 6, 5, 'تصميم جميل وخامة رائعة.', 1, '2026-01-08 19:26:53', '2026-01-08 19:35:55'),
(23, 14, 7, 4, 'خيار راقٍ ومناسب للهدايا.', 1, '2026-01-08 19:26:53', '2026-01-08 19:35:55'),
(24, 15, 8, 5, 'جودة ممتازة وسعر مناسب.', 1, '2026-01-08 19:26:53', '2026-01-08 19:35:55'),
(25, 16, 1, 4, 'منتج أنيق وجودته ممتازة.', 1, '2026-01-08 19:26:53', '2026-01-08 19:35:55'),
(26, 17, 2, 5, 'تصميم جميل وخامة رائعة.', 1, '2026-01-08 19:26:53', '2026-01-08 19:35:55'),
(27, 18, 3, 4, 'خيار راقٍ ومناسب للهدايا.', 1, '2026-01-08 19:26:53', '2026-01-08 19:35:55'),
(28, 20, 5, 4, 'منتج أنيق وجودته ممتازة.', 1, '2026-01-08 19:26:53', '2026-01-08 19:35:55'),
(29, 21, 6, 5, 'تصميم جميل وخامة رائعة.', 1, '2026-01-08 19:26:53', '2026-01-08 19:35:55'),
(30, 22, 7, 4, 'خيار راقٍ ومناسب للهدايا.', 1, '2026-01-08 19:26:53', '2026-01-08 19:35:55'),
(31, 23, 8, 5, 'جودة ممتازة وسعر مناسب.', 1, '2026-01-08 19:26:53', '2026-01-08 19:35:55'),
(32, 24, 1, 4, 'منتج أنيق وجودته ممتازة.', 1, '2026-01-08 19:26:53', '2026-01-08 19:35:55'),
(33, 26, 3, 4, 'خيار راقٍ ومناسب للهدايا.', 1, '2026-01-08 19:26:53', '2026-01-08 19:35:55'),
(34, 27, 4, 5, 'جودة ممتازة وسعر مناسب.', 1, '2026-01-08 19:26:53', '2026-01-08 19:35:55'),
(35, 28, 5, 4, 'منتج أنيق وجودته ممتازة.', 1, '2026-01-08 19:26:53', '2026-01-08 19:35:55'),
(36, 29, 6, 5, 'تصميم جميل وخامة رائعة.', 1, '2026-01-08 19:26:53', '2026-01-08 19:35:55'),
(37, 31, 8, 5, 'جودة ممتازة وسعر مناسب.', 1, '2026-01-08 19:26:53', '2026-01-08 19:35:55'),
(38, 32, 1, 4, 'منتج أنيق وجودته ممتازة.', 1, '2026-01-08 19:26:53', '2026-01-08 19:35:55'),
(39, 33, 2, 5, 'تصميم جميل وخامة رائعة.', 1, '2026-01-08 19:26:53', '2026-01-08 19:35:55'),
(40, 34, 3, 4, 'خيار راقٍ ومناسب للهدايا.', 1, '2026-01-08 19:26:53', '2026-01-08 19:35:55'),
(41, 35, 4, 5, 'جودة ممتازة وسعر مناسب.', 1, '2026-01-08 19:26:53', '2026-01-08 19:35:55'),
(42, 36, 5, 4, 'منتج أنيق وجودته ممتازة.', 1, '2026-01-08 19:26:53', '2026-01-08 19:35:55'),
(43, 37, 6, 5, 'تصميم جميل وخامة رائعة.', 1, '2026-01-08 19:26:53', '2026-01-08 19:35:55'),
(44, 38, 7, 4, 'خيار راقٍ ومناسب للهدايا.', 1, '2026-01-08 19:26:53', '2026-01-08 19:35:55'),
(45, 39, 8, 5, 'جودة ممتازة وسعر مناسب.', 1, '2026-01-08 19:26:53', '2026-01-08 19:35:55'),
(46, 40, 1, 4, 'منتج أنيق وجودته ممتازة.', 1, '2026-01-08 19:26:53', '2026-01-08 19:35:55'),
(47, 41, 2, 5, 'تصميم جميل وخامة رائعة.', 1, '2026-01-08 19:26:53', '2026-01-08 19:35:55'),
(48, 42, 3, 4, 'خيار راقٍ ومناسب للهدايا.', 1, '2026-01-08 19:26:53', '2026-01-08 19:35:55'),
(49, 43, 4, 5, 'جودة ممتازة وسعر مناسب.', 1, '2026-01-08 19:26:53', '2026-01-08 19:35:55'),
(50, 44, 5, 4, 'منتج أنيق وجودته ممتازة.', 1, '2026-01-08 19:26:53', '2026-01-08 19:35:55'),
(51, 45, 6, 5, 'تصميم جميل وخامة رائعة.', 1, '2026-01-08 19:26:53', '2026-01-08 19:35:55'),
(52, 46, 7, 4, 'خيار راقٍ ومناسب للهدايا.', 1, '2026-01-08 19:26:53', '2026-01-08 19:35:55'),
(53, 47, 8, 5, 'جودة ممتازة وسعر مناسب.', 1, '2026-01-08 19:26:53', '2026-01-08 19:35:55'),
(54, 48, 1, 4, 'منتج أنيق وجودته ممتازة.', 1, '2026-01-08 19:26:53', '2026-01-08 19:35:55'),
(55, 49, 2, 5, 'تصميم جميل وخامة رائعة.', 1, '2026-01-08 19:26:53', '2026-01-08 19:35:55'),
(56, 50, 3, 4, 'خيار راقٍ ومناسب للهدايا.', 1, '2026-01-08 19:26:53', '2026-01-08 19:35:55'),
(57, 51, 4, 5, 'جودة ممتازة وسعر مناسب.', 1, '2026-01-08 19:26:53', '2026-01-08 19:35:55'),
(58, 52, 5, 4, 'منتج أنيق وجودته ممتازة.', 1, '2026-01-08 19:26:53', '2026-01-08 19:35:55'),
(59, 53, 6, 5, 'تصميم جميل وخامة رائعة.', 1, '2026-01-08 19:26:53', '2026-01-08 19:35:55'),
(60, 54, 7, 4, 'خيار راقٍ ومناسب للهدايا.', 1, '2026-01-08 19:26:53', '2026-01-08 19:35:55'),
(61, 55, 8, 5, 'جودة ممتازة وسعر مناسب.', 1, '2026-01-08 19:26:53', '2026-01-08 19:35:55'),
(62, 56, 1, 4, 'منتج أنيق وجودته ممتازة.', 1, '2026-01-08 19:26:53', '2026-01-08 19:35:55'),
(63, 57, 2, 5, 'تصميم جميل وخامة رائعة.', 1, '2026-01-08 19:26:53', '2026-01-08 19:35:55'),
(64, 58, 3, 4, 'خيار راقٍ ومناسب للهدايا.', 1, '2026-01-08 19:26:53', '2026-01-08 19:35:55'),
(65, 59, 4, 5, 'جودة ممتازة وسعر مناسب.', 1, '2026-01-08 19:26:53', '2026-01-08 19:35:55'),
(66, 60, 5, 4, 'منتج أنيق وجودته ممتازة.', 1, '2026-01-08 19:26:53', '2026-01-08 19:35:55'),
(67, 61, 6, 5, 'تصميم جميل وخامة رائعة.', 1, '2026-01-08 19:26:53', '2026-01-08 19:35:55'),
(68, 62, 7, 4, 'خيار راقٍ ومناسب للهدايا.', 1, '2026-01-08 19:26:53', '2026-01-08 19:35:55'),
(69, 63, 8, 5, 'جودة ممتازة وسعر مناسب.', 1, '2026-01-08 19:26:53', '2026-01-08 19:35:55'),
(70, 64, 1, 4, 'منتج أنيق وجودته ممتازة.', 1, '2026-01-08 19:26:53', '2026-01-08 19:35:55'),
(71, 65, 2, 5, 'تصميم جميل وخامة رائعة.', 1, '2026-01-08 19:26:53', '2026-01-08 19:35:55'),
(72, 66, 3, 4, 'خيار راقٍ ومناسب للهدايا.', 1, '2026-01-08 19:26:53', '2026-01-08 19:35:55'),
(73, 67, 4, 5, 'جودة ممتازة وسعر مناسب.', 1, '2026-01-08 19:26:53', '2026-01-08 19:35:55'),
(74, 68, 5, 4, 'منتج أنيق وجودته ممتازة.', 1, '2026-01-08 19:26:53', '2026-01-08 19:35:55'),
(75, 69, 6, 5, 'تصميم جميل وخامة رائعة.', 1, '2026-01-08 19:26:53', '2026-01-08 19:35:55'),
(76, 70, 7, 4, 'خيار راقٍ ومناسب للهدايا.', 1, '2026-01-08 19:26:53', '2026-01-08 19:35:55');

-- --------------------------------------------------------

--
-- Table structure for table `reviews`
--

CREATE TABLE `reviews` (
  `id` int(11) NOT NULL,
  `product_id` int(11) NOT NULL,
  `user_name` varchar(100) DEFAULT 'مستخدم مجهول',
  `rating` int(11) NOT NULL CHECK (`rating` >= 1 and `rating` <= 5),
  `comment` text DEFAULT NULL,
  `created_at` timestamp NOT NULL DEFAULT current_timestamp()
) ENGINE=InnoDB DEFAULT CHARSET=utf8mb4 COLLATE=utf8mb4_unicode_ci;

-- --------------------------------------------------------

--
-- Table structure for table `users`
--

CREATE TABLE `users` (
  `id` int(11) NOT NULL,
  `username` varchar(50) NOT NULL,
  `email` varchar(100) NOT NULL,
  `password_hash` varchar(255) NOT NULL,
  `full_name` varchar(100) DEFAULT NULL,
  `phone` varchar(20) DEFAULT NULL,
  `address` text DEFAULT NULL,
  `created_at` timestamp NOT NULL DEFAULT current_timestamp()
) ENGINE=InnoDB DEFAULT CHARSET=utf8mb4 COLLATE=utf8mb4_unicode_ci;

--
-- Dumping data for table `users`
--

INSERT INTO `users` (`id`, `username`, `email`, `password_hash`, `full_name`, `phone`, `address`, `created_at`) VALUES
(1, 'lara.craft', 'laracraft@gmail.com', '$2y$10$example1', 'lara craft', '0991234567', NULL, '2026-01-08 18:00:33'),
(2, 'amicia.rune', 'amiciarune@gmail.com', '$2y$10$example2', 'amicia de rune', '0992345678', NULL, '2026-01-08 18:00:33'),
(3, 'zain.alabdeen', 'zain@gmail.com', '$2y$10$example3', 'zain alabdeen', '0993456789', NULL, '2026-01-08 18:00:33'),
(4, 'layan.hakkie', 'layanjie23@gmail.com', '$2y$10$example4', 'layan hakkie', '0994567890', NULL, '2026-01-08 18:00:33'),
(5, 'hala.qunbar', 'hala22qun@gmail.com', '$2y$10$example5', 'hala qunbar', '0995678901', NULL, '2026-01-08 18:00:33'),
(6, 'jil.valentine', 'jilvalentine1999@gmail.com', '$2y$10$example6', 'jil valentine', '0996789012', NULL, '2026-01-08 18:00:33'),
(7, 'walter.white', 'saymyname@gmail.com', '$2y$10$example7', 'walter white', '0997890123', NULL, '2026-01-08 18:00:33'),
(8, 'patrick.bateman', 'patbat44@gmail.com', '$2y$10$example8', 'patrick bateman', '0998901234', NULL, '2026-01-08 18:00:33');

--
-- Indexes for dumped tables
--

--
-- Indexes for table `cart_items`
--
ALTER TABLE `cart_items`
  ADD PRIMARY KEY (`id`),
  ADD KEY `idx_cart_user` (`user_id`),
  ADD KEY `idx_cart_product` (`product_id`);

--
-- Indexes for table `categories`
--
ALTER TABLE `categories`
  ADD PRIMARY KEY (`id`);

--
-- Indexes for table `chatbot_logs`
--
ALTER TABLE `chatbot_logs`
  ADD PRIMARY KEY (`id`);

--
-- Indexes for table `currency_rates`
--
ALTER TABLE `currency_rates`
  ADD PRIMARY KEY (`id`),
  ADD KEY `idx_rates_latest` (`created_at`);

--
-- Indexes for table `favorites`
--
ALTER TABLE `favorites`
  ADD PRIMARY KEY (`id`),
  ADD KEY `idx_fav_user` (`user_id`),
  ADD KEY `idx_fav_product` (`product_id`);

--
-- Indexes for table `newsletter_subscribers`
--
ALTER TABLE `newsletter_subscribers`
  ADD PRIMARY KEY (`id`),
  ADD UNIQUE KEY `uq_newsletter_email` (`email`);

--
-- Indexes for table `orders`
--
ALTER TABLE `orders`
  ADD PRIMARY KEY (`id`),
  ADD KEY `user_id` (`user_id`);

--
-- Indexes for table `order_items`
--
ALTER TABLE `order_items`
  ADD PRIMARY KEY (`id`),
  ADD KEY `order_id` (`order_id`),
  ADD KEY `product_id` (`product_id`);

--
-- Indexes for table `products`
--
ALTER TABLE `products`
  ADD PRIMARY KEY (`id`),
  ADD KEY `idx_products_category` (`category_id`),
  ADD KEY `idx_products_active` (`is_active`),
  ADD KEY `idx_products_price` (`price_usd`);

--
-- Indexes for table `product_images`
--
ALTER TABLE `product_images`
  ADD PRIMARY KEY (`id`),
  ADD KEY `idx_product_images_product` (`product_id`);

--
-- Indexes for table `product_reviews`
--
ALTER TABLE `product_reviews`
  ADD PRIMARY KEY (`id`),
  ADD KEY `idx_reviews_product` (`product_id`),
  ADD KEY `idx_reviews_user` (`user_id`),
  ADD KEY `idx_reviews_rating` (`rating`);

--
-- Indexes for table `reviews`
--
ALTER TABLE `reviews`
  ADD PRIMARY KEY (`id`),
  ADD KEY `idx_reviews_product` (`product_id`),
  ADD KEY `idx_reviews_rating` (`rating`);

--
-- Indexes for table `users`
--
ALTER TABLE `users`
  ADD PRIMARY KEY (`id`),
  ADD UNIQUE KEY `username` (`username`),
  ADD UNIQUE KEY `email` (`email`);

--
-- AUTO_INCREMENT for dumped tables
--

--
-- AUTO_INCREMENT for table `cart_items`
--
ALTER TABLE `cart_items`
  MODIFY `id` bigint(20) UNSIGNED NOT NULL AUTO_INCREMENT;

--
-- AUTO_INCREMENT for table `categories`
--
ALTER TABLE `categories`
  MODIFY `id` int(11) NOT NULL AUTO_INCREMENT, AUTO_INCREMENT=6;

--
-- AUTO_INCREMENT for table `chatbot_logs`
--
ALTER TABLE `chatbot_logs`
  MODIFY `id` bigint(20) UNSIGNED NOT NULL AUTO_INCREMENT;

--
-- AUTO_INCREMENT for table `currency_rates`
--
ALTER TABLE `currency_rates`
  MODIFY `id` bigint(20) UNSIGNED NOT NULL AUTO_INCREMENT, AUTO_INCREMENT=2;

--
-- AUTO_INCREMENT for table `favorites`
--
ALTER TABLE `favorites`
  MODIFY `id` bigint(20) UNSIGNED NOT NULL AUTO_INCREMENT;

--
-- AUTO_INCREMENT for table `newsletter_subscribers`
--
ALTER TABLE `newsletter_subscribers`
  MODIFY `id` bigint(20) UNSIGNED NOT NULL AUTO_INCREMENT, AUTO_INCREMENT=2;

--
-- AUTO_INCREMENT for table `orders`
--
ALTER TABLE `orders`
  MODIFY `id` int(11) NOT NULL AUTO_INCREMENT;

--
-- AUTO_INCREMENT for table `order_items`
--
ALTER TABLE `order_items`
  MODIFY `id` int(11) NOT NULL AUTO_INCREMENT;

--
-- AUTO_INCREMENT for table `products`
--
ALTER TABLE `products`
  MODIFY `id` int(11) NOT NULL AUTO_INCREMENT, AUTO_INCREMENT=71;

--
-- AUTO_INCREMENT for table `product_images`
--
ALTER TABLE `product_images`
  MODIFY `id` int(11) NOT NULL AUTO_INCREMENT, AUTO_INCREMENT=212;

--
-- AUTO_INCREMENT for table `product_reviews`
--
ALTER TABLE `product_reviews`
  MODIFY `id` bigint(20) UNSIGNED NOT NULL AUTO_INCREMENT, AUTO_INCREMENT=79;

--
-- AUTO_INCREMENT for table `reviews`
--
ALTER TABLE `reviews`
  MODIFY `id` int(11) NOT NULL AUTO_INCREMENT, AUTO_INCREMENT=11;

--
-- AUTO_INCREMENT for table `users`
--
ALTER TABLE `users`
  MODIFY `id` int(11) NOT NULL AUTO_INCREMENT, AUTO_INCREMENT=9;

--
-- Constraints for dumped tables
--

--
-- Constraints for table `orders`
--
ALTER TABLE `orders`
  ADD CONSTRAINT `orders_ibfk_1` FOREIGN KEY (`user_id`) REFERENCES `users` (`id`);

--
-- Constraints for table `order_items`
--
ALTER TABLE `order_items`
  ADD CONSTRAINT `order_items_ibfk_1` FOREIGN KEY (`order_id`) REFERENCES `orders` (`id`) ON DELETE CASCADE,
  ADD CONSTRAINT `order_items_ibfk_2` FOREIGN KEY (`product_id`) REFERENCES `products` (`id`);

--
-- Constraints for table `products`
--
ALTER TABLE `products`
  ADD CONSTRAINT `products_ibfk_1` FOREIGN KEY (`category_id`) REFERENCES `categories` (`id`);

--
-- Constraints for table `product_images`
--
ALTER TABLE `product_images`
  ADD CONSTRAINT `product_images_ibfk_1` FOREIGN KEY (`product_id`) REFERENCES `products` (`id`) ON DELETE CASCADE;

--
-- Constraints for table `reviews`
--
ALTER TABLE `reviews`
  ADD CONSTRAINT `reviews_ibfk_1` FOREIGN KEY (`product_id`) REFERENCES `products` (`id`) ON DELETE CASCADE;
COMMIT;

/*!40101 SET CHARACTER_SET_CLIENT=@OLD_CHARACTER_SET_CLIENT */;
/*!40101 SET CHARACTER_SET_RESULTS=@OLD_CHARACTER_SET_RESULTS */;
/*!40101 SET COLLATION_CONNECTION=@OLD_COLLATION_CONNECTION */;










